k,n,lam,publishers_welfare,users_welfare,convergence_ratio,publishers_welfare_ci_low,publishers_welfare_ci_high,users_welfare_ci_low,users_welfare_ci_high,convergence_ratio_ci_low,convergence_ratio_ci_high
2,2,0.5,0.9813491755238687,0.9269171325116777,1.0,0.9803244081133644,0.9823353797501148,0.9228826468619717,0.930564942353856,1.0,1.0
3,2,0.5,0.9813198824404149,0.9262367622487062,1.0,0.9804338727459813,0.9821316036261257,0.9228559464142416,0.929500151534917,1.0,1.0
4,2,0.5,0.9823291924153197,0.9299934724298959,1.0,0.9815964086448273,0.9829863849594177,0.9272633001776859,0.9333249178233829,1.0,1.0
5,2,0.5,0.981531893754139,0.9266158416911221,1.0,0.9809228554539957,0.9821342772983087,0.9240715028440281,0.929409185055499,1.0,1.0
6,2,0.5,0.9818464195500802,0.9278297517528802,1.0,0.9811892859021177,0.9823768270101355,0.9254714250403551,0.9298182819685176,1.0,1.0
7,2,0.5,0.9819357291563591,0.928149959902966,1.0,0.9814419668441363,0.9825326578457416,0.9260382858812404,0.9301314378511228,1.0,1.0
8,2,0.5,0.9815727018968399,0.9266512187161361,1.0,0.9810930348182858,0.9821168118956157,0.9244133139853065,0.928624001711295,1.0,1.0
9,2,0.5,0.9812540273992453,0.9253461453627949,1.0,0.9807388105132582,0.9818225100548154,0.9235768481910566,0.9274700203511365,1.0,1.0
10,2,0.5,0.9816484238303832,0.926886425335937,1.0,0.9811585348906665,0.982088972298223,0.924903592256414,0.9284413517172049,1.0,1.0
